short_name,pace,shooting,passing,dribbling,defending,physical,player_traits
Melvin Mastil,75,60,65,70,40,60,Speed Dribbler
Aïssa Mandi,70,45,65,60,80,78,"Power Header, Long Passer"
Zineddine Belaïd,65,30,55,50,75,82,Solid Player
Dayne St. Clair,38,13,62,30,10,80,GK Long Throw
Alistair Johnston,85,33,67,65,84,75,Solid Player
Alfie Jones,81,50,59,65,75,80,Power Header
Luc de Fougerolles,79,50,68,50,76,79,Power Header
Joel Waterman,78,36,70,59,81,76,Solid Player
Mathieu Choinière,70,75,79,74,73,79,Long Passer
Stephen Eustáquio,69,73,84,80,60,80,Playmaker
Ismaël Koné,77,74,76,73,71,66,Long Passer
Cyle Larin,84,84,63,72,36,67,Speed Dribbler
Jonathan David,80,78,71,71,38,65,Finesse Shot
Liam Millar,76,73,77,82,74,70,Long Passer
Tani Oluwaseyi,84,77,66,79,35,76,Speed Dribbler
Derek Cornelius,68,46,58,67,80,76,Power Header
Jacob Shaffelburg,73,70,80,76,67,68,Long Passer
Moïse Bombito,75,43,71,59,85,77,Solid Player
Maxime Crépeau,35,17,59,29,15,80,GK Long Throw
Tajon Buchanan,88,75,67,72,42,76,Speed Dribbler
Owen Goodman,42,17,53,26,17,67,GK Long Throw
Alphonso Davies,72,45,73,70,85,82,Solid Player
Ali Ahmed,75,79,68,72,31,71,Finesse Shot
Jonathan Osorio,73,71,75,75,66,71,Long Passer
Richie Laryea,72,48,60,61,83,88,Solid Player
Niko Sigur,75,44,57,69,80,80,Power Header
Promise David,78,76,69,76,40,65,Finesse Shot
Nathan Saliba,73,62,75,79,67,80,Long Passer
Jayden Nelson,69,64,82,75,75,70,Playmaker
Achref Abada,61,38,61,51,80,88,Power Header
Mohamed Amine Tougai,83,40,72,64,83,75,Solid Player
Ramiz Zerrouki,68,68,85,79,75,72,Playmaker
Riyad Mahrez,82,79,66,73,34,72,Finesse Shot
Houssem Aouar,74,72,76,77,64,67,Long Passer
Amine Gouiri,88,84,63,79,37,65,Speed Dribbler
Farès Chaïbi,78,65,82,76,75,73,Playmaker
Anis Hadj Moussa,79,81,69,81,33,79,Finesse Shot
Nadhir Benbouali,77,85,60,80,38,80,Finesse Shot
Jaouen Hadjam,73,36,62,68,78,85,Power Header
Hicham Boudaoui,76,62,80,76,66,70,Long Passer
Rayan Aït-Nouri,61,39,62,68,83,78,Solid Player
Oussama Benbot,43,15,63,25,11,64,GK Long Throw
Rafik Belghali,81,45,67,60,78,75,Power Header
Mohamed Amoura,81,83,71,76,39,70,Finesse Shot
Nabil Bentaleb,78,74,79,73,70,73,Long Passer
Adil Boulbina,81,79,70,78,34,79,Finesse Shot
Ramy Bensebaini,74,45,62,66,77,85,Power Header
Ibrahim Maza,71,64,81,76,65,71,Playmaker
Luca Zidane,45,17,63,24,18,60,GK Long Throw
Yacine Titraoui,79,63,83,74,62,78,Playmaker
Farès Ghedjemis,84,76,75,74,38,63,Speed Dribbler
Samir Chergui,79,40,75,56,85,88,Solid Player
Juan Musso,48,15,62,20,11,73,GK Long Throw
Marcos Nicolás Senesi Baron,69,62,75,78,62,77,Long Passer
Nicolás Tagliafico,66,37,58,66,81,79,Solid Player
Gonzalo Montiel,67,31,59,62,81,76,Solid Player
Leandro Paredes,74,70,80,76,63,75,Long Passer
Lisandro Martínez,76,44,57,70,84,77,Solid Player
Rodrigo De Paul,73,68,80,74,72,72,Long Passer
Valentín Barco,70,67,85,71,71,70,Playmaker
Julián Alvarez,81,76,62,70,38,79,Finesse Shot
Lionel Messi,83,77,67,70,38,75,Speed Dribbler
Giovani Lo Celso,69,65,78,71,68,79,Long Passer
Gerónimo Rulli,47,12,54,29,14,72,GK Long Throw
Cristian Romero,74,43,73,58,81,76,Solid Player
Exequiel Palacios,74,65,79,74,61,73,Long Passer
Nicolás González,76,71,79,73,73,76,Long Passer
Thiago Almada,75,76,75,81,43,77,Finesse Shot
Giuliano Simeone,82,77,72,74,42,74,Finesse Shot
Nico Paz,84,80,67,77,30,62,Speed Dribbler
Nicolás Otamendi,68,40,75,69,84,82,Solid Player
Alexis Mac Allister,67,64,85,74,62,73,Playmaker
José Manuel López,83,77,68,80,32,68,Speed Dribbler
Lautaro Martínez,78,75,63,76,33,68,Finesse Shot
Emiliano Martínez,36,11,64,22,12,63,GK Long Throw
Enzo Fernández,65,64,77,79,72,78,Long Passer
Facundo Medina,79,40,68,50,81,88,Solid Player
Nahuel Molina,72,41,74,70,76,75,Power Header
Mathew Ryan,38,16,55,23,18,69,GK Long Throw
Miloš Degenek,70,36,55,57,80,88,Power Header
Alessandro Circati,77,35,62,50,81,77,Solid Player
Jacob Italiano,71,33,55,67,80,88,Power Header
Jordan Bos,64,39,65,56,77,78,Power Header
Jason Geria,66,44,61,70,75,77,Power Header
Mathew Leckie,85,78,66,75,37,64,Speed Dribbler
Connor Metcalfe,79,62,77,75,60,69,Long Passer
Mohamed Touré,80,75,62,78,34,74,Finesse Shot
Ajdin Hrustic,88,79,74,77,40,80,Speed Dribbler
Awer Mabil,83,78,67,70,38,70,Speed Dribbler
Paul Izzo,45,16,50,25,14,60,GK Long Throw
Aiden O'Neill,73,75,76,72,72,67,Long Passer
Cammy Devlin,65,75,85,70,63,77,Playmaker
Kai Trewin,81,31,67,67,76,77,Power Header
Aziz Behich,60,38,63,56,78,80,Power Header
Nestory Irankunda,87,75,69,81,44,70,Speed Dribbler
Patrick Beach,40,12,61,27,13,70,GK Long Throw
Harry Souttar,74,47,59,57,84,80,Solid Player
Cristian Volpato,75,84,73,81,30,72,Finesse Shot
Cameron Burgess,73,45,61,63,80,77,Power Header
Jackson Irvine,75,60,85,81,60,77,Playmaker
Nishan Velupillay,78,84,70,77,37,64,Finesse Shot
Paul Okon-Engstler,75,70,85,80,68,75,Playmaker
Lucas Herrington,85,44,75,68,77,83,Power Header
Tete Yengi,75,77,69,82,39,71,Finesse Shot
Alexander Schlager,37,14,56,24,15,68,GK Long Throw
David Affengruber,65,46,75,60,78,78,Power Header
Kevin Danso,66,31,68,62,77,76,Power Header
Xaver Schlager,77,70,78,73,75,69,Long Passer
Stefan Posch,60,41,66,62,81,85,Solid Player
Nicolas Seiwald,68,70,77,79,62,69,Long Passer
Marko Arnautović,76,75,71,77,38,74,Finesse Shot
David Alaba,81,40,73,66,82,86,Solid Player
Marcel Sabitzer,70,72,84,71,60,75,Playmaker
Florian Grillitsch,76,75,77,74,66,72,Long Passer
Michael Gregoritsch,77,85,71,77,43,69,Finesse Shot
Florian Wiegele,32,19,63,22,16,67,GK Long Throw
Patrick Pentz,49,14,52,21,18,60,GK Long Throw
Saša Kalajdžić,88,79,64,82,33,70,Speed Dribbler
Philipp Lienhart,61,31,71,50,77,85,Power Header
Phillipp Mwene,83,40,71,54,81,76,Solid Player
Carney Chukwuemeka,71,69,85,77,74,72,Playmaker
Romano Schmid,74,74,78,72,75,79,Long Passer
Dejan Ljubičić,76,68,75,71,72,69,Long Passer
Konrad Laimer,67,68,82,72,61,74,Playmaker
Patrick Wimmer,83,85,75,81,39,71,Speed Dribbler
Alexander Prass,78,67,81,71,69,74,Playmaker
Marco Friedl,64,37,63,55,77,79,Power Header
Paul Wanner,76,69,78,71,74,65,Long Passer
Michael Svoboda,81,39,73,53,76,84,Power Header
Alessandro Schöpf,66,62,85,74,74,74,Playmaker
Thibaut Courtois,47,10,50,29,19,73,GK Long Throw
Zeno Debast,60,37,75,70,78,81,Power Header
Arthur Theate,78,32,62,69,82,78,Solid Player
Brandon Mechele,74,48,72,65,80,85,Power Header
Maxim De Cuyper,65,38,65,70,76,76,Power Header
Axel Witsel,71,68,78,82,74,77,Long Passer
Kevin De Bruyne,79,66,83,72,64,71,Playmaker
Youri Tielemans,73,67,82,78,62,77,Playmaker
Romelu Lukaku,82,84,72,82,42,75,Finesse Shot
Leandro Trossard,79,81,75,85,43,68,Finesse Shot
Jérémy Doku,79,84,70,83,45,66,Finesse Shot
Senne Lammens,49,10,51,27,11,68,GK Long Throw
Mike Penders,36,11,54,28,17,66,GK Long Throw
Dodi Lukébakio,84,80,72,81,36,70,Speed Dribbler
Thomas Meunier,65,36,55,53,75,84,Power Header
Koni De Winter,60,46,73,52,80,81,Power Header
Charles De Ketelaere,79,84,64,82,45,80,Finesse Shot
Joaquin Seys,80,40,72,59,85,82,Solid Player
Diego Moreira,76,61,75,72,65,67,Long Passer
Hans Vanaken,72,62,85,71,72,73,Playmaker
Timothy Castagne,85,40,69,69,83,77,Solid Player
Alexis Saelemaekers,76,70,79,73,73,73,Long Passer
Nicolas Raskin,69,64,75,73,63,75,Long Passer
Amadou Onana,67,64,85,80,66,75,Playmaker
Nathan Ngoy,60,40,55,62,78,82,Power Header
Matias Fernandez-Pardo,88,76,62,71,34,79,Speed Dribbler
Nikola Vasilj,36,11,56,22,20,71,GK Long Throw
Nihad Mujakić,82,33,68,55,81,75,Solid Player
Dennis Hadžikadunić,85,38,72,62,75,85,Power Header
Tarik Muharemović,81,30,74,54,77,80,Power Header
Sead Kolašinac,61,41,61,69,76,82,Power Header
Benjamin Tahirović,69,71,82,71,61,71,Playmaker
Amar Dedić,63,46,63,63,82,81,Solid Player
Armin Gigović,70,65,78,79,61,80,Long Passer
Samed Baždar,80,82,62,73,41,64,Finesse Shot
Ermedin Demirović,88,76,61,71,30,67,Speed Dribbler
Edin Džeko,78,82,68,72,37,68,Finesse Shot
Mladen Jurkas,39,18,60,21,18,78,GK Long Throw
Ivan Bašić,65,61,85,70,65,73,Playmaker
Ivan Šunjić,77,66,77,80,71,68,Long Passer
Amar Memić,66,60,82,77,62,69,Playmaker
Amir Hadžiahmetović,78,67,84,82,74,71,Playmaker
Dženis Burnić,65,64,78,76,67,73,Long Passer
Nikola Katić,74,39,68,70,82,81,Solid Player
Kerim Alajbegović,80,77,63,81,37,67,Finesse Shot
Esmir Bajraktarević,86,83,74,70,40,78,Speed Dribbler
Stjepan Radeljić,76,30,75,62,75,83,Power Header
Martin Zlomislić,43,16,59,27,14,78,GK Long Throw
Haris Tabaković,88,84,65,80,41,62,Speed Dribbler
Nidal Čelik,78,33,74,66,81,80,Solid Player
Jovo Lukić,88,81,65,76,35,72,Speed Dribbler
Ermin Mahmić,71,74,77,80,72,74,Long Passer
Alisson,46,11,58,20,11,65,GK Long Throw
Éderson Silva,66,71,81,75,75,69,Playmaker
Gabriel Magalhães,84,50,63,51,83,76,Solid Player
Marquinhos,74,42,58,68,83,85,Solid Player
Casemiro,67,69,81,76,65,76,Playmaker
Alex Sandro,71,47,60,62,78,81,Power Header
Vinícius Júnior,84,76,67,84,37,68,Speed Dribbler
Bruno Guimarães,79,69,75,72,74,77,Long Passer
Matheus Cunha,76,80,61,76,40,67,Finesse Shot
Neymar,75,83,66,75,38,67,Finesse Shot
Raphinha,79,82,61,82,30,77,Finesse Shot
Weverton,36,15,64,24,19,77,GK Long Throw
Danilo Luiz,85,32,64,68,82,79,Solid Player
Bremer,69,47,62,63,81,81,Solid Player
Léo Pereira,64,50,61,64,84,75,Solid Player
Douglas Santos,80,35,56,63,82,78,Solid Player
Fabinho,70,75,80,71,73,78,Long Passer
Danilo Santos,74,63,77,76,68,66,Long Passer
Endrick,76,77,60,75,45,70,Finesse Shot
Lucas Paquetá,65,68,82,74,62,78,Playmaker
Luiz Henrique,75,79,73,80,34,74,Finesse Shot
Gabriel Martinelli,82,83,71,73,38,62,Finesse Shot
Ederson Moraes,42,16,58,29,17,79,GK Long Throw
Roger Ibañez,80,48,68,62,75,80,Power Header
Igor Thiago,77,75,68,82,30,72,Finesse Shot
Rayan,75,78,66,74,32,62,Finesse Shot
Vozinha,35,12,57,28,11,68,GK Long Throw
Stopira,68,44,70,53,81,83,Solid Player
Diney,65,42,73,60,82,82,Solid Player
Roberto Lopes,83,47,61,64,75,87,Power Header
Logan Costa,61,40,57,62,77,77,Power Header
Kevin Pina,72,62,80,79,65,67,Long Passer
Jovane Cabral,71,68,80,73,66,70,Long Passer
João Paulo,71,64,78,81,74,72,Long Passer
Gilson Benchimol,88,83,71,78,38,67,Speed Dribbler
Jamiro Monteiro,78,71,80,81,66,79,Long Passer
Garry Rodrigues,79,75,76,75,74,73,Long Passer
Márcio Rosa,35,15,53,22,19,67,GK Long Throw
Sidny Lopes Cabral,68,42,55,60,81,78,Solid Player
Deroy Duarte,67,70,79,76,75,68,Long Passer
Laros Duarte,71,60,85,76,72,74,Playmaker
Yannick Semedo,75,70,85,78,70,72,Playmaker
Willy Semedo,66,65,80,70,65,72,Long Passer
Telmo Arcanjo,70,75,82,79,74,70,Playmaker
Dailon Livramento,85,85,67,72,35,65,Speed Dribbler
Ryan Mendes,82,84,74,81,33,70,Finesse Shot
Nuno da Costa,72,73,82,77,64,78,Playmaker
Steven Moreira,80,47,68,52,77,87,Power Header
CJ dos Santos,47,14,61,28,20,61,GK Long Throw
Wagner Pina,85,31,59,66,84,79,Solid Player
Kelvin Pires,74,38,70,61,81,80,Solid Player
Hélio Varela,75,65,84,73,70,73,Playmaker
David Ospina,45,15,55,27,17,78,GK Long Throw
Daniel Muñoz,60,34,75,62,79,78,Power Header
Jhon Lucumí,70,37,61,56,85,83,Solid Player
Santiago Arias,84,46,74,70,77,75,Power Header
Kevin Castaño,66,74,76,78,61,76,Long Passer
Richard Ríos,78,61,78,71,68,75,Long Passer
Luis Díaz,82,80,64,73,44,66,Finesse Shot
Jorge Carrascal,76,66,75,70,63,68,Long Passer
Jhon Córdoba,83,85,67,72,37,60,Speed Dribbler
James Rodríguez,78,70,82,70,68,66,Playmaker
Jhon Arias,71,75,78,82,67,80,Long Passer
Camilo Vargas,42,10,50,30,10,66,GK Long Throw
Yerry Mina,76,37,58,65,77,83,Power Header
Gustavo Puerta,79,48,75,55,84,83,Solid Player
Juan Portilla,66,70,79,76,62,71,Long Passer
Jefferson Lerma,68,66,75,79,72,68,Long Passer
Johan Mojica,75,33,65,63,85,81,Solid Player
Willer Ditta,83,34,56,64,76,75,Power Header
Cucho Hernández,86,76,74,80,33,65,Speed Dribbler
Juan Fernando Quintero,67,71,77,74,71,70,Long Passer
Jaminton Campaz,84,85,73,85,41,79,Speed Dribbler
Deiver Machado,72,42,73,67,78,81,Power Header
Davinson Sánchez,74,48,60,56,78,82,Power Header
Álvaro Montero,33,20,52,25,10,60,GK Long Throw
Luis Suárez,88,76,69,80,32,68,Speed Dribbler
Andrés Gómez,86,76,65,70,36,72,Speed Dribbler
Dominik Livaković,44,17,61,26,14,72,GK Long Throw
Josip Stanišić,75,31,62,53,84,76,Solid Player
Marin Pongračić,81,50,68,57,76,75,Power Header
Joško Gvardiol,79,48,72,65,77,81,Power Header
Duje Ćaleta-Car,63,40,75,67,76,86,Power Header
Josip Šutalo,74,49,69,52,84,80,Solid Player
Nikola Moro,75,72,83,72,73,66,Playmaker
Mateo Kovačić,80,65,84,82,61,66,Playmaker
Andrej Kramarić,84,84,60,85,40,61,Speed Dribbler
Luka Modrić,71,69,75,72,75,74,Long Passer
Ante Budimir,86,80,60,74,31,70,Speed Dribbler
Ivor Pandur,42,11,65,28,12,76,GK Long Throw
Nikola Vlašić,73,71,81,71,70,70,Playmaker
Ivan Perišić,86,85,61,80,42,65,Speed Dribbler
Mario Pašalić,79,63,79,74,67,68,Long Passer
Martin Baturina,73,64,77,82,73,76,Long Passer
Petar Sučić,70,74,76,76,60,66,Long Passer
Kristijan Jakić,64,44,55,53,79,87,Power Header
Toni Fruk,76,73,82,74,61,68,Playmaker
Igor Matanović,83,75,74,82,42,74,Speed Dribbler
Luka Sučić,75,67,77,74,75,69,Long Passer
Luka Vušković,66,39,74,63,79,86,Power Header
Dominik Kotarski,47,18,56,24,11,62,GK Long Throw
Marco Pašalić,76,83,70,79,42,77,Finesse Shot
Martin Erlić,84,40,60,54,85,81,Solid Player
Petar Musa,88,83,66,72,39,69,Speed Dribbler
Eloy Room,41,14,59,29,13,78,GK Long Throw
Shurandy Sambo,74,36,75,70,81,78,Solid Player
Juriën Gaari,83,36,71,69,85,79,Solid Player
Roshon van Eijma,65,39,61,70,82,85,Solid Player
Sherel Floranus,82,44,60,53,78,79,Power Header
Godfried Roemeratoe,78,73,80,76,67,76,Long Passer
Juninho Bacuna,79,75,77,75,64,66,Long Passer
Livano Comenencia,70,69,78,73,63,73,Long Passer
Jürgen Locadia,88,77,65,77,44,75,Speed Dribbler
Leandro Bacuna,76,60,82,81,62,71,Playmaker
Jeremy Antonisse,79,76,71,75,38,60,Finesse Shot
Sontje Hansen,82,81,63,85,38,67,Finesse Shot
Tyrese Noslin,79,83,70,74,37,63,Finesse Shot
Kenji Gorré,85,84,61,73,37,68,Speed Dribbler
Ar'jany Martha,78,68,76,73,64,79,Long Passer
Jearl Margaritha,84,75,63,82,38,67,Speed Dribbler
Brandley Kuwas,85,82,74,81,35,64,Speed Dribbler
Armando Obispo,79,36,65,56,76,87,Power Header
Gervane Kastaneer,85,81,69,82,39,68,Speed Dribbler
Joshua Brenet,62,44,67,67,85,88,Solid Player
Tahith Chong,68,70,75,81,68,76,Long Passer
Kevin Felida,67,70,81,72,68,78,Playmaker
Riechedly Bazoer,77,39,58,51,77,87,Power Header
Deveron Fonville,85,30,62,68,84,84,Solid Player
Tyrick Bodak,30,16,52,24,14,79,GK Long Throw
Trevor Doornbusch,30,12,62,25,20,78,GK Long Throw
Matěj Kovář,46,14,54,21,12,62,GK Long Throw
David Zima,79,47,74,59,76,81,Power Header
Tomáš Holeš,71,38,59,57,77,80,Power Header
Robin Hranáč,67,46,65,66,81,84,Solid Player
Vladimír Coufal,70,48,69,50,81,77,Solid Player
Štěpán Chaloupek,81,42,74,56,84,81,Solid Player
Ladislav Krejčí,74,43,57,69,79,81,Power Header
Vladimír Darida,65,60,81,71,73,75,Playmaker
Adam Hložek,76,83,68,70,37,73,Finesse Shot
Patrik Schick,81,84,69,73,36,79,Finesse Shot
Jan Kuchta,84,83,74,74,38,79,Speed Dribbler
Lukáš Červ,70,62,81,76,75,72,Playmaker
Mojmír Chytil,87,80,70,78,34,60,Speed Dribbler
David Jurásek,75,42,66,61,83,75,Solid Player
Pavel Šulc,80,79,71,78,32,65,Finesse Shot
Jindřich Staněk,44,11,61,29,13,65,GK Long Throw
Lukáš Provod,71,60,84,82,65,66,Playmaker
Michal Sadílek,78,64,76,79,73,79,Long Passer
Tomáš Chorý,88,85,66,83,33,63,Speed Dribbler
Jaroslav Zelený,76,43,58,61,76,82,Power Header
David Douděra,83,38,65,56,79,78,Power Header
Tomáš Souček,75,65,78,79,74,78,Long Passer
Lukáš Horníček,36,17,54,30,19,73,GK Long Throw
Alexandr Sojka,73,71,76,73,64,67,Long Passer
Hugo Sochůrek,68,64,84,81,68,74,Playmaker
Denis Višinský,82,81,63,81,45,67,Finesse Shot
Lionel Mpasi,33,13,52,20,10,69,GK Long Throw
Aaron Wan-Bissaka,74,31,60,60,76,85,Power Header
Steve Kapuadi,81,47,64,59,77,85,Power Header
Axel Tuanzebe,66,39,62,59,76,81,Power Header
Dylan Batubinsika,81,48,69,66,81,85,Solid Player
Ngal'ayel Mukau,73,62,80,80,74,74,Long Passer
Nathanaël Mbuku,73,74,79,77,65,74,Long Passer
Samuel Moutoussamy,80,68,84,79,65,80,Playmaker
Brian Cipenga,84,77,71,85,43,60,Speed Dribbler
Théo Bongonda,65,66,78,81,73,65,Long Passer
Gaël Kakuta,76,76,74,78,42,60,Finesse Shot
Joris Kayembe,61,46,63,64,77,77,Power Header
Meschak Elia,84,79,61,76,41,65,Speed Dribbler
Noah Sadiki,69,63,79,73,62,77,Long Passer
Aaron Tshibola,66,66,81,71,61,77,Playmaker
Timothy Fayulu,33,16,54,27,12,78,GK Long Throw
Cédric Bakambu,83,82,65,77,40,65,Speed Dribbler
Charles Pickel,71,70,78,71,65,77,Long Passer
Fiston Mayele,78,75,75,85,39,67,Finesse Shot
Yoane Wissa,75,83,63,82,35,63,Finesse Shot
Matthieu Epolo,43,17,59,27,15,72,GK Long Throw
Chancel Mbemba,80,44,75,65,85,87,Solid Player
Simon Banza,82,83,67,77,38,68,Finesse Shot
Gédéon Kalulu,61,38,61,53,80,79,Power Header
Edo Kayembe,78,73,83,81,61,78,Playmaker
Arthur Masuaku,63,33,62,66,78,88,Power Header
Hernán Galíndez,46,17,52,25,11,75,GK Long Throw
Félix Torres,77,33,68,65,76,80,Power Header
Piero Hincapié,68,35,71,69,76,81,Power Header
Joel Ordóñez,62,30,59,60,84,83,Solid Player
Jordy Alcívar,72,75,80,75,75,74,Long Passer
Willian Pacho,73,35,64,63,85,76,Solid Player
Pervis Estupiñán,82,49,65,60,80,78,Power Header
Anthony Valencia,67,72,78,81,70,79,Long Passer
John Yeboah,87,79,62,78,39,80,Speed Dribbler
Kendry Páez,71,73,81,79,62,67,Playmaker
Kevin Rodríguez,75,81,62,80,40,76,Finesse Shot
Moisés Ramírez,36,20,63,28,10,68,GK Long Throw
Enner Valencia,85,78,72,81,34,68,Speed Dribbler
Alan Minda,68,72,82,77,66,74,Playmaker
Pedro Vite,70,73,75,82,66,76,Long Passer
Jordy Caicedo,75,78,75,85,37,67,Finesse Shot
Ángelo Preciado,77,44,65,50,78,80,Power Header
Denil Castillo,80,66,82,74,67,69,Playmaker
Gonzalo Plata,82,77,73,84,44,79,Finesse Shot
Nilson Angulo,79,84,60,82,42,60,Finesse Shot
Alan Franco,76,63,85,72,68,79,Playmaker
Gonzalo Valle,39,19,61,20,10,69,GK Long Throw
Moisés Caicedo,71,75,84,75,65,69,Playmaker
Jeremy Arévalo,78,79,62,75,32,63,Finesse Shot
Jackson Porozo,80,31,66,52,85,76,Solid Player
Yaimar Medina,71,32,63,51,85,86,Solid Player
Mohamed El Shenawy,32,12,65,29,20,72,GK Long Throw
Yasser Ibrahim,61,48,74,62,78,75,Power Header
Mohamed Hany,74,30,56,68,84,83,Solid Player
Hossam Abdelmaguid,65,34,58,50,80,85,Power Header
Ramy Rabia,74,45,57,66,76,83,Power Header
Mohamed Abdelmonem,80,33,65,59,75,81,Power Header
Trézéguet,87,75,60,76,40,72,Speed Dribbler
Emam Ashour,67,66,78,70,66,68,Long Passer
Hamza Abdelkarim,83,84,61,79,40,64,Speed Dribbler
Mohamed Salah,76,81,73,74,38,67,Finesse Shot
Mostafa Ziko,72,65,83,76,69,67,Playmaker
Haissem Hassan,77,82,75,84,31,80,Finesse Shot
Ahmed Fatouh,83,31,75,52,77,80,Power Header
Hamdy Fathy,76,72,85,77,60,77,Playmaker
Karim Hafez,71,34,60,61,78,76,Power Header
El Mahdy Soliman,38,10,51,23,12,67,GK Long Throw
Mohanad Lasheen,68,67,81,75,63,75,Playmaker
Nabil Emad,65,60,82,76,70,74,Playmaker
Marwan Attia,79,66,82,72,70,71,Playmaker
Ibrahim Adel,85,82,74,75,32,67,Speed Dribbler
Mahmoud Saber,66,67,84,74,73,67,Playmaker
Omar Marmoush,88,79,62,81,39,64,Speed Dribbler
Mostafa Shobeir,40,16,63,27,13,71,GK Long Throw
Tarek Alaa,76,50,67,63,83,85,Solid Player
Zizo,80,75,70,78,45,66,Finesse Shot
Mohamed Alaa,46,12,56,30,15,76,GK Long Throw
Jordan Pickford,34,16,65,23,14,60,GK Long Throw
Ezri Konsa,76,43,64,65,78,88,Power Header
Nico O'Reilly,75,33,64,53,82,81,Solid Player
Declan Rice,74,65,80,78,65,79,Long Passer
John Stones,80,44,69,54,85,88,Solid Player
Marc Guéhi,70,45,64,62,76,80,Power Header
Bukayo Saka,84,79,67,82,42,71,Speed Dribbler
Elliot Anderson,72,67,85,82,72,73,Playmaker
Harry Kane,77,81,60,70,40,73,Finesse Shot
Jude Bellingham,77,63,82,78,70,66,Playmaker
Marcus Rashford,88,81,73,81,45,79,Speed Dribbler
Tino Livramento,84,45,75,59,81,75,Solid Player
Dean Henderson,39,10,51,25,10,69,GK Long Throw
Jordan Henderson,78,62,79,80,69,68,Long Passer
Dan Burn,84,31,71,58,79,84,Power Header
Kobbie Mainoo,74,67,82,70,70,78,Playmaker
Morgan Rogers,65,73,75,75,66,75,Long Passer
Anthony Gordon,84,82,69,71,34,75,Speed Dribbler
Ollie Watkins,84,83,67,83,34,72,Speed Dribbler
Noni Madueke,85,82,64,77,39,66,Speed Dribbler
Eberechi Eze,66,64,77,73,64,79,Long Passer
Ivan Toney,85,82,72,72,43,60,Speed Dribbler
James Trafford,31,10,63,26,16,75,GK Long Throw
Reece James,70,34,62,53,85,82,Solid Player
Djed Spence,69,36,67,50,77,85,Power Header
Jarell Quansah,70,37,68,61,81,79,Solid Player
Brice Samba,31,13,57,22,18,68,GK Long Throw
Malo Gusto,79,37,56,50,80,80,Power Header
Lucas Digne,61,34,61,61,83,80,Solid Player
Dayot Upamecano,74,39,68,69,78,85,Power Header
Jules Koundé,81,48,56,52,75,78,Power Header
Manu Koné,77,61,82,76,60,71,Playmaker
Ousmane Dembélé,81,75,74,76,39,75,Finesse Shot
Aurélien Tchouaméni,70,69,82,70,72,65,Playmaker
Marcus Thuram,81,80,73,83,44,76,Finesse Shot
Kylian Mbappé,83,77,74,77,33,78,Speed Dribbler
Michael Olise,80,75,75,81,33,67,Finesse Shot
Bradley Barcola,87,85,64,84,34,67,Speed Dribbler
N'Golo Kanté,65,73,84,76,70,79,Playmaker
Adrien Rabiot,76,65,76,80,74,72,Long Passer
Ibrahima Konaté,85,42,63,52,82,87,Solid Player
Mike Maignan,37,13,52,20,15,77,GK Long Throw
William Saliba,70,37,56,68,77,78,Power Header
Warren Zaïre-Emery,71,75,79,78,64,75,Long Passer
Théo Hernandez,66,33,72,66,77,83,Power Header
Désiré Doué,80,78,63,80,36,77,Finesse Shot
Lucas Hernandez,74,48,63,69,78,82,Power Header
Jean-Philippe Mateta,83,81,68,85,34,72,Speed Dribbler
Robin Risser,42,14,61,27,14,67,GK Long Throw
Rayan Cherki,78,73,79,79,64,69,Long Passer
Maghnes Akliouche,72,61,80,78,68,65,Long Passer
Maxence Lacroix,74,45,66,66,82,76,Solid Player
Manuel Neuer,33,17,61,22,20,75,GK Long Throw
Antonio Rüdiger,61,31,60,67,82,88,Solid Player
Waldemar Anton,69,47,66,52,84,84,Solid Player
Jonathan Tah,83,38,67,50,79,78,Power Header
Aleksandar Pavlović,71,62,75,72,75,68,Long Passer
Joshua Kimmich,81,40,58,70,78,87,Power Header
Kai Havertz,85,78,63,85,36,79,Speed Dribbler
Leon Goretzka,79,62,80,80,62,65,Long Passer
Jamie Leweling,77,68,82,77,66,68,Playmaker
Jamal Musiala,68,63,81,79,73,70,Playmaker
Nick Woltemade,85,76,63,78,35,64,Speed Dribbler
Oliver Baumann,42,15,60,23,17,66,GK Long Throw
Pascal Groß,77,69,84,75,68,80,Playmaker
Maximilian Beier,85,78,60,77,45,64,Speed Dribbler
Nico Schlotterbeck,71,40,61,68,83,86,Solid Player
Angelo Stiller,75,73,83,80,70,67,Playmaker
Florian Wirtz,76,64,84,74,74,76,Playmaker
Nathaniel Brown,72,38,55,56,78,87,Power Header
Leroy Sané,71,60,84,77,75,79,Playmaker
Nadiem Amiri,73,66,78,76,62,65,Long Passer
Alexander Nübel,49,13,62,25,19,72,GK Long Throw
David Raum,72,35,73,55,81,80,Solid Player
Felix Nmecha,68,71,82,73,70,68,Playmaker
Malick Thiaw,77,38,70,56,81,81,Solid Player
Assan Ouédraogo,80,65,79,75,65,71,Long Passer
Deniz Undav,76,79,65,75,38,67,Finesse Shot
Lawrence Ati-Zigi,36,18,55,21,17,60,GK Long Throw
Alidu Seidu,61,43,64,51,79,82,Power Header
Caleb Yirenkyi,75,71,80,73,75,76,Long Passer
Jonas Adjetey,81,38,74,67,77,77,Power Header
Thomas Partey,68,73,75,75,75,78,Long Passer
Abdul Mumin,75,47,71,55,84,82,Solid Player
Abdul Fatawu,82,85,70,77,44,62,Finesse Shot
Kwasi Sibo,72,64,84,82,74,72,Playmaker
Jordan Ayew,78,84,63,71,31,74,Finesse Shot
Brandon Thomas-Asante,86,84,60,85,33,63,Speed Dribbler
Antoine Semenyo,79,72,75,77,64,77,Long Passer
Joseph Anang,47,14,59,22,15,67,GK Long Throw
Christopher Bonsu Baah,81,78,68,83,32,65,Finesse Shot
Gideon Mensah,77,48,55,51,81,76,Solid Player
Elisha Owusu,71,75,80,76,65,67,Long Passer
Benjamin Asare,46,11,59,25,16,61,GK Long Throw
Abdul Rahman Baba,69,43,64,69,82,84,Solid Player
Jerome Opoku,72,50,73,53,82,81,Solid Player
Iñaki Williams,86,81,75,79,40,69,Speed Dribbler
Augustine Boakye,70,75,82,80,66,76,Playmaker
Kojo Peprah Oppong,85,36,63,51,80,83,Power Header
Kamaldeen Sulemana,86,76,60,82,37,67,Speed Dribbler
Derrick Luckassen,70,48,57,60,83,78,Solid Player
Ernest Nuamah,82,75,73,74,41,77,Finesse Shot
Prince Kwabena Adu,87,80,63,81,33,63,Speed Dribbler
Marvin Senaya,73,37,62,50,81,85,Solid Player
Johny Placide,44,10,56,26,10,71,GK Long Throw
Carlens Arcus,70,40,62,57,84,75,Solid Player
Keeto Thermoncy,69,50,56,59,78,80,Power Header
Ricardo Adé,78,40,62,60,75,87,Power Header
Hannes Delcroix,75,41,65,64,79,77,Power Header
Carl Sainté,75,71,82,78,73,74,Playmaker
Derrick Etienne Jr.,84,80,69,74,39,79,Speed Dribbler
Martin Expérience,80,37,72,55,82,88,Solid Player
Duckens Nazon,79,77,67,84,44,77,Finesse Shot
Jean-Ricner Bellegarde,67,62,82,78,71,67,Playmaker
Louicius Deedson,86,77,65,81,40,62,Speed Dribbler
Alexandre Pierre,43,13,55,30,15,61,GK Long Throw
Duke Lacroix,65,37,61,64,79,76,Power Header
Leverton Pierre,67,66,83,82,69,72,Playmaker
Ruben Providence,79,76,64,76,31,66,Finesse Shot
Lenny Joseph,86,84,65,80,39,70,Speed Dribbler
Danley Jean Jacques,79,72,80,74,64,73,Long Passer
Wilson Isidor,76,82,70,83,35,68,Finesse Shot
Yassin Fortuné,76,76,65,76,30,63,Finesse Shot
Frantzdy Pierrot,87,83,74,79,34,61,Speed Dribbler
Josué Casimir,83,77,63,85,41,77,Speed Dribbler
Jean-Kévin Duverne,75,41,68,70,76,80,Power Header
Josué Duverger,32,16,62,26,14,79,GK Long Throw
Wilguens Paugain,70,45,63,61,83,80,Solid Player
Dominique Simon,67,63,83,75,70,71,Playmaker
Woodensky Pierre,65,62,80,81,66,74,Long Passer
Alireza Beiranvand,44,13,52,20,20,75,GK Long Throw
Saleh Hardani,62,45,72,68,84,77,Solid Player
Ehsan Hajsafi,85,46,65,67,83,80,Solid Player
Shojae Khalilzadeh,69,40,63,63,76,86,Power Header
Milad Mohammadi,60,32,69,63,78,83,Power Header
Saeid Ezatolahi,80,63,76,79,72,76,Long Passer
Alireza Jahanbakhsh,67,74,75,79,64,77,Long Passer
Mohammad Mohebi,73,74,79,75,63,67,Long Passer
Mehdi Taremi,78,84,72,84,43,71,Finesse Shot
Mehdi Ghayedi,82,80,70,80,36,80,Finesse Shot
Ali Alipour,87,82,64,72,30,66,Speed Dribbler
Payam Niazmand,39,14,57,26,20,76,GK Long Throw
Hossein Kanaanizadegan,68,39,58,54,79,83,Power Header
Saman Ghoddos,77,67,85,80,72,69,Playmaker
Rouzbeh Cheshmi,69,60,78,73,70,75,Long Passer
Mehdi Torabi,75,70,81,77,67,80,Playmaker
Aria Yousefi,78,50,59,58,78,82,Power Header
Amirhossein Hosseinzadeh,76,76,69,80,43,80,Finesse Shot
Ali Nemati,64,42,75,66,79,81,Power Header
Shahriyar Moghanlou,86,80,72,74,45,73,Speed Dribbler
Mohammad Ghorbani,66,67,81,81,62,68,Playmaker
Hossein Hosseini,50,13,62,26,15,66,GK Long Throw
Ramin Rezaeian,73,40,62,66,76,83,Power Header
Dennis Eckert,80,85,75,73,45,75,Finesse Shot
Danial Eiri,80,45,60,59,82,83,Solid Player
Amirmohammad Razzaghinia,66,67,75,72,65,67,Long Passer
Fahad Talib,37,10,60,27,14,63,GK Long Throw
Rebin Sulaka,84,44,58,60,85,77,Solid Player
Hussein Ali,63,43,60,52,76,83,Power Header
Zaid Tahseen,68,47,55,68,77,86,Power Header
Akam Hashim,76,49,71,60,84,87,Solid Player
Manaf Younis,80,30,62,64,82,77,Solid Player
Youssef Amyn,74,61,77,77,74,72,Long Passer
Ibrahim Bayesh,65,73,79,70,63,80,Long Passer
Ali Al-Hamadi,75,80,68,73,31,68,Finesse Shot
Mohanad Ali,86,84,68,71,35,70,Speed Dribbler
Ahmed Qasem,84,79,64,79,31,79,Speed Dribbler
Jalal Hassan,33,16,53,29,19,76,GK Long Throw
Ali Yousif,81,80,60,84,44,76,Finesse Shot
Zidane Iqbal,77,63,75,80,72,74,Long Passer
Ahmed Maknzi,61,41,63,65,77,80,Power Header
Amir Al-Ammari,69,68,82,76,62,66,Playmaker
Ali Jasim,76,84,64,75,35,74,Finesse Shot
Aymen Hussein,77,85,69,75,41,67,Finesse Shot
Kevin Yakob,80,73,78,82,74,68,Long Passer
Aimar Sher,74,71,75,80,61,70,Long Passer
Marko Farji,88,77,65,75,38,68,Speed Dribbler
Ahmed Basil,30,20,57,22,17,69,GK Long Throw
Merchas Doski,79,41,58,61,78,76,Power Header
Zaid Ismail,68,73,82,80,75,75,Playmaker
Mustafa Saadoon,79,44,62,63,84,86,Solid Player
Frans Putros,85,37,55,56,83,84,Solid Player
Yahia Fofana,36,17,60,25,11,68,GK Long Throw
Ousmane Diomande,68,34,71,51,83,82,Solid Player
Ghislain Konan,71,37,73,57,79,77,Power Header
Jean Michaël Seri,71,71,79,72,71,78,Long Passer
Wilfried Singo,67,31,63,54,75,79,Power Header
Seko Fofana,80,63,83,82,75,73,Playmaker
Odilon Kossounou,80,46,74,57,76,76,Power Header
Franck Kessié,65,72,77,78,69,68,Long Passer
Ange-Yoan Bonny,81,79,63,70,41,62,Finesse Shot
Simon Adingra,79,78,66,78,44,67,Finesse Shot
Yan Diomande,78,76,61,85,39,75,Finesse Shot
Elye Wahi,86,79,62,76,30,65,Speed Dribbler
Christopher Opéri,62,42,56,59,80,81,Power Header
Oumar Diakité,80,84,61,78,37,64,Finesse Shot
Amad Diallo,78,85,72,82,41,65,Finesse Shot
Mohamed Koné,45,15,61,21,18,79,GK Long Throw
Guéla Doué,80,48,74,58,85,76,Solid Player
Ibrahim Sangaré,70,67,82,70,62,77,Playmaker
Nicolas Pépé,79,84,73,72,41,68,Finesse Shot
Emmanuel Agbadou,74,30,59,61,83,78,Solid Player
Evan Ndicka,76,36,74,69,76,77,Power Header
Evann Guessand,78,75,72,76,35,66,Finesse Shot
Alban Lafont,45,17,57,21,17,61,GK Long Throw
Bazoumana Touré,85,77,67,84,30,70,Speed Dribbler
Parfait Guiagon,72,63,85,76,70,65,Playmaker
Christ Inao Oulaï,68,74,79,76,65,75,Long Passer
Zion Suzuki,49,16,55,27,10,75,GK Long Throw
Yukinari Sugawara,77,35,60,70,75,77,Power Header
Shōgo Taniguchi,66,38,62,66,79,87,Power Header
Kō Itakura,66,37,66,67,79,76,Power Header
Yūto Nagatomo,73,47,59,60,78,80,Power Header
Wataru Endo,80,68,83,71,69,80,Playmaker
Ao Tanaka,78,73,80,74,75,79,Long Passer
Takefusa Kubo,78,66,80,78,64,78,Long Passer
Keisuke Gotō,86,79,70,84,32,63,Speed Dribbler
Ritsu Dōan,71,61,85,78,63,72,Playmaker
Daizen Maeda,75,71,84,71,73,75,Playmaker
Keisuke Ōsako,37,15,61,26,10,70,GK Long Throw
Keito Nakamura,76,67,83,76,64,72,Playmaker
Junya Itō,75,72,78,71,60,71,Long Passer
Daichi Kamada,74,70,81,80,63,78,Playmaker
Tsuyoshi Watanabe,84,33,67,69,83,79,Solid Player
Yuito Suzuki,69,65,80,80,65,67,Long Passer
Ayase Ueda,82,81,67,79,38,62,Finesse Shot
Kōki Ogawa,77,76,61,82,34,65,Finesse Shot
Ayumu Seko,85,43,72,50,84,88,Solid Player
Hiroki Itō,69,30,57,67,76,77,Power Header
Takehiro Tomiyasu,79,49,64,69,82,78,Solid Player
Tomoki Hayakawa,33,18,52,27,18,61,GK Long Throw
Kaishū Sano,66,61,79,79,60,70,Long Passer
Junnosuke Suzuki,71,45,75,67,76,82,Power Header
Kento Shiogai,83,76,69,84,44,72,Speed Dribbler
Yazeed Abulaila,38,19,64,27,12,74,GK Long Throw
Mohammad Abu Hashish,69,50,69,60,81,87,Solid Player
Abdallah Nasib,66,33,69,66,85,80,Solid Player
Husam Abu Dahab,63,35,66,65,82,87,Solid Player
Yazan Al-Arab,72,50,64,57,82,77,Solid Player
Amer Jamous,72,64,82,79,62,67,Playmaker
Mohammad Abu Zrayq,76,80,61,74,42,74,Finesse Shot
Noor Al-Rawabdeh,77,69,82,79,63,68,Playmaker
Ali Olwan,88,80,60,82,40,66,Speed Dribbler
Musa Al-Taamari,86,82,68,74,43,77,Speed Dribbler
Odeh Al-Fakhouri,81,78,69,82,31,63,Finesse Shot
Nour Bani Attiah,37,12,55,28,18,65,GK Long Throw
Mahmoud Al-Mardi,80,82,75,78,36,66,Finesse Shot
Rajaei Ayed,66,75,84,81,68,70,Playmaker
Ibrahim Sadeh,69,66,78,70,71,75,Long Passer
Mo Abualnadi,71,39,56,53,84,83,Solid Player
Salim Obaid,64,32,68,61,79,82,Power Header
Mohammad Ahmed Mohammad Taha,70,64,83,74,66,80,Playmaker
Saed Al-Rosan,68,47,56,59,84,75,Solid Player
Mohannad Abu Taha,72,68,77,81,60,79,Long Passer
Nizar Al-Rashdan,69,69,82,81,61,73,Playmaker
Abdallah Al-Fakhouri,40,19,61,26,14,72,GK Long Throw
Ihsan Haddad,66,37,60,69,82,83,Solid Player
Ali Azaizeh,76,78,75,82,45,64,Finesse Shot
Mohammad Al-Dawoud,77,68,75,73,73,71,Long Passer
Anas Badawi,68,36,65,50,82,85,Solid Player
Raúl Rangel,47,16,57,22,11,75,GK Long Throw
Jorge Sánchez,71,30,71,64,84,88,Solid Player
César Montes,85,42,72,62,77,75,Power Header
Edson Álvarez,79,41,61,64,75,81,Power Header
Johan Vásquez,82,50,58,64,85,77,Solid Player
Érik Lira,66,72,84,81,61,72,Playmaker
Luis Romo,75,61,77,80,71,76,Long Passer
Álvaro Fidalgo,71,71,83,77,63,76,Playmaker
Raúl Jiménez,78,78,61,72,34,60,Finesse Shot
Alexis Vega,75,76,73,85,39,79,Finesse Shot
Santiago Giménez,77,76,75,77,38,63,Finesse Shot
Carlos Acevedo,37,14,57,22,14,80,GK Long Throw
Guillermo Ochoa,36,11,57,28,19,70,GK Long Throw
Armando González,75,77,60,85,38,73,Finesse Shot
Israel Reyes,80,37,55,62,79,85,Power Header
Julián Quiñones,81,79,74,71,33,71,Finesse Shot
Orbelín Pineda,70,63,82,71,68,79,Playmaker
Obed Vargas,75,64,81,73,73,66,Playmaker
Gilberto Mora,72,68,85,72,74,77,Playmaker
Mateo Chávez,73,30,58,51,83,75,Solid Player
César Huerta,87,75,69,81,32,72,Speed Dribbler
Guillermo Martínez,82,78,73,70,30,63,Finesse Shot
Jesús Gallardo,70,38,68,52,83,87,Solid Player
Luis Chávez,77,60,84,73,62,71,Playmaker
Roberto Alvarado,87,84,74,85,44,60,Speed Dribbler
Brian Gutiérrez,65,71,85,70,72,67,Playmaker
Yassine Bounou,30,12,52,30,15,71,GK Long Throw
Achraf Hakimi,83,35,59,59,81,75,Solid Player
Noussair Mazraoui,75,37,69,63,75,88,Power Header
Sofyan Amrabat,67,75,75,79,69,67,Long Passer
Nayef Aguerd,78,41,56,58,82,85,Solid Player
Ayyoub Bouaddi,79,61,84,77,60,71,Playmaker
Chemsdine Talbi,65,74,79,76,61,78,Long Passer
Azzedine Ounahi,69,73,77,82,66,68,Long Passer
Soufiane Rahimi,88,75,68,80,38,73,Speed Dribbler
Brahim Díaz,85,75,74,82,41,76,Speed Dribbler
Ismael Saibari,70,61,78,74,62,79,Long Passer
Munir Mohamedi,30,18,52,30,20,75,GK Long Throw
Zakaria El Ouahdi,78,50,61,55,81,76,Solid Player
Issa Diop,60,34,66,70,78,82,Power Header
Samir El Mourabet,70,62,84,74,68,66,Playmaker
Gessime Yassine,77,60,78,72,71,71,Long Passer
Abde Ezzalzouli,86,76,62,76,33,77,Speed Dribbler
Chadi Riad,81,37,75,69,75,84,Power Header
Youssef Belammari,74,38,71,62,78,81,Power Header
Ayoub El Kaabi,83,77,65,76,30,63,Speed Dribbler
Ayoube Amaimouni,79,79,67,70,45,79,Finesse Shot
Ahmed Reda Tagnaouti,40,15,51,29,10,67,GK Long Throw
Bilal El Khannouss,76,64,83,70,69,77,Playmaker
Neil El Aynaoui,70,67,82,79,71,67,Playmaker
Redouane Halhal,75,37,62,65,78,82,Power Header
Anass Salah-Eddine,60,34,68,53,75,81,Power Header
Bart Verbruggen,49,17,51,28,15,76,GK Long Throw
Lutsharel Geertruida,69,43,71,69,79,82,Power Header
Marten de Roon,77,69,85,76,75,69,Playmaker
Virgil van Dijk,75,33,72,54,81,81,Solid Player
Nathan Aké,82,34,61,54,83,87,Solid Player
Jan Paul van Hecke,75,49,65,60,77,84,Power Header
Justin Kluivert,75,75,77,71,61,65,Long Passer
Ryan Gravenberch,69,70,78,82,67,72,Long Passer
Wout Weghorst,76,76,74,85,34,67,Finesse Shot
Memphis Depay,76,77,67,83,41,74,Finesse Shot
Cody Gakpo,86,85,65,85,37,78,Speed Dribbler
Mats Wieffer,64,33,73,55,81,83,Solid Player
Robin Roefs,48,13,55,21,20,69,GK Long Throw
Tijjani Reijnders,65,60,77,80,61,67,Long Passer
Micky van de Ven,71,44,65,64,85,87,Solid Player
Guus Til,66,68,78,74,67,65,Long Passer
Noa Lang,76,82,63,81,44,76,Finesse Shot
Donyell Malen,84,82,65,75,32,69,Speed Dribbler
Brian Brobbey,85,80,61,76,33,79,Speed Dribbler
Teun Koopmeiners,66,61,84,75,75,66,Playmaker
Frenkie de Jong,77,69,79,73,73,70,Long Passer
Denzel Dumfries,65,46,73,66,75,77,Power Header
Mark Flekken,40,10,50,24,20,60,GK Long Throw
Crysencio Summerville,84,77,65,77,45,73,Speed Dribbler
Jorrel Hato,61,40,68,53,85,79,Solid Player
Quinten Timber,67,68,79,74,64,76,Long Passer
Max Crocombe,36,15,58,27,20,79,GK Long Throw
Tim Payne,66,33,61,58,80,81,Power Header
Francis de Vries,65,43,60,70,75,88,Power Header
Tyler Bindon,83,46,66,64,80,79,Power Header
Michael Boxall,68,32,61,54,81,85,Solid Player
Joe Bell,72,64,84,75,65,72,Playmaker
Matthew Garbett,70,71,85,78,66,80,Playmaker
Marko Stamenić,72,75,79,77,60,71,Long Passer
Chris Wood,76,80,74,71,41,70,Finesse Shot
Sarpreet Singh,72,66,81,75,69,67,Playmaker
Elijah Just,79,65,78,72,73,69,Long Passer
Alex Paulsen,37,13,59,21,17,76,GK Long Throw
Liberato Cacace,61,45,66,56,76,83,Power Header
Alex Rufer,74,73,75,80,75,77,Long Passer
Nando Pijnaker,71,34,72,63,80,77,Power Header
Finn Surman,78,30,72,59,75,84,Power Header
Kosta Barbarouses,81,75,66,72,40,62,Finesse Shot
Ben Waine,83,75,61,84,38,74,Speed Dribbler
Ben Old,72,70,82,73,69,65,Playmaker
Callum McCowatt,79,67,81,80,73,71,Playmaker
Jesse Randall,76,83,63,74,35,69,Finesse Shot
Michael Woud,36,10,53,21,15,80,GK Long Throw
Ryan Thomas,70,69,85,73,61,70,Playmaker
Callan Elliot,67,47,58,51,81,75,Solid Player
Lachlan Bayliss,76,71,80,80,60,74,Long Passer
Tommy Smith,68,31,75,65,78,80,Power Header
Ørjan Nyland,45,12,59,23,20,76,GK Long Throw
Morten Thorsby,65,67,77,71,60,67,Long Passer
Kristoffer Ajer,65,48,72,58,75,85,Power Header
Leo Østigård,77,49,64,63,76,83,Power Header
David Møller Wolfe,70,43,56,50,78,76,Power Header
Patrick Berg,66,64,81,76,62,66,Playmaker
Alexander Sørloth,88,78,66,83,45,73,Speed Dribbler
Sander Berge,79,70,83,70,68,67,Playmaker
Erling Haaland,79,76,61,79,41,73,Finesse Shot
Martin Ødegaard,76,67,79,80,64,68,Long Passer
Jørgen Strand Larsen,85,78,75,70,33,80,Speed Dribbler
Sander Tangvik,39,14,58,27,14,73,GK Long Throw
Egil Selvik,42,20,53,22,19,70,GK Long Throw
Fredrik Aursnes,71,72,83,76,65,73,Playmaker
Fredrik André Bjørkan,70,43,73,68,76,76,Power Header
Marcus Holmgren Pedersen,70,34,75,66,84,75,Solid Player
Torbjørn Heggem,63,34,59,56,85,83,Solid Player
Kristian Thorstvedt,75,63,76,73,70,70,Long Passer
Thelo Aasgaard,77,63,81,74,71,71,Playmaker
Antonio Nusa,80,84,74,80,32,77,Finesse Shot
Andreas Schjelderup,69,66,79,78,70,68,Long Passer
Oscar Bobb,78,66,82,70,67,70,Playmaker
Jens Petter Hauge,69,66,82,71,69,80,Playmaker
Sondre Langås,77,50,63,68,83,82,Solid Player
Henrik Falchener,82,43,62,70,76,82,Power Header
Julian Ryerson,79,81,68,72,42,68,Finesse Shot
Luis Mejía,42,20,63,23,18,69,GK Long Throw
César Blackman,82,48,60,62,78,87,Power Header
José Córdoba,69,48,67,59,79,86,Power Header
Fidel Escobar,72,48,59,70,84,87,Solid Player
Edgardo Fariña,64,47,72,58,81,86,Solid Player
Cristian Martínez,72,64,78,81,66,80,Long Passer
José Luis Rodríguez,74,72,77,73,69,68,Long Passer
Adalberto Carrasquilla,68,63,77,73,64,71,Long Passer
Tomás Rodríguez,78,78,63,84,38,70,Finesse Shot
Ismael Díaz,65,60,81,78,75,67,Playmaker
Yoel Bárcenas,73,64,76,79,73,65,Long Passer
César Samudio,49,15,57,24,18,62,GK Long Throw
Jiovany Ramos,64,30,60,51,77,79,Power Header
Carlos Harvey,75,31,62,61,81,86,Solid Player
Eric Davis,73,41,56,50,75,88,Power Header
Andrés Andrade,72,47,60,66,77,75,Power Header
José Fajardo,81,76,63,82,32,62,Finesse Shot
Cecilio Waterman,81,79,69,79,41,79,Finesse Shot
Alberto Quintero,77,62,80,74,67,69,Long Passer
Aníbal Godoy,73,70,84,75,70,77,Playmaker
César Yanis,74,64,76,75,71,65,Long Passer
Orlando Mosquera,43,15,63,25,15,77,GK Long Throw
Michael Amir Murillo,81,43,60,60,85,87,Solid Player
Azarias Londoño,75,81,75,78,33,74,Finesse Shot
Roderick Miller,71,46,68,70,78,84,Power Header
Jorge Gutiérrez,65,39,58,52,80,85,Power Header
Gatito Fernández,42,11,62,27,18,64,GK Long Throw
Gustavo Velázquez,61,50,55,60,77,77,Power Header
Omar Alderete,74,49,69,68,78,83,Power Header
Juan José Cáceres,62,48,58,61,83,78,Solid Player
Fabián Balbuena,64,37,60,59,82,76,Solid Player
Júnior Alonso,73,30,61,61,84,85,Solid Player
Ramón Sosa,78,70,82,71,66,73,Playmaker
Diego Gómez,66,62,76,81,70,70,Long Passer
Antonio Sanabria,77,82,61,71,40,69,Finesse Shot
Miguel Almirón,79,71,75,81,61,79,Long Passer
Maurício,77,65,85,81,74,71,Playmaker
Orlando Gill,41,10,64,21,20,65,GK Long Throw
José Canale,77,31,58,64,77,83,Power Header
Andrés Cubas,80,71,79,74,74,78,Long Passer
Gustavo Gómez,65,30,72,61,79,83,Power Header
Damián Bobadilla,67,70,80,74,74,76,Long Passer
Kaku,80,85,71,77,38,69,Finesse Shot
Álex Arce,87,81,60,71,45,71,Speed Dribbler
Julio Enciso,84,80,72,75,39,62,Speed Dribbler
Braian Ojeda,72,75,77,71,61,71,Long Passer
Gabriel Ávalos,75,85,63,75,30,80,Finesse Shot
Gastón Olveira,32,11,56,24,19,61,GK Long Throw
Matías Galarza,69,69,81,74,67,65,Playmaker
Gustavo Caballero,65,61,75,78,65,70,Long Passer
Isidro Pitta,85,75,74,84,34,62,Speed Dribbler
Alexandro Maidana,80,30,73,56,79,88,Power Header
Diogo Costa,30,12,56,29,10,68,GK Long Throw
Nélson Semedo,83,43,57,70,77,83,Power Header
Rúben Dias,64,45,66,53,75,75,Power Header
Tomás Araújo,73,45,73,56,75,78,Power Header
Diogo Dalot,64,46,55,55,82,80,Solid Player
Matheus Nunes,67,70,81,80,62,78,Playmaker
Cristiano Ronaldo,76,77,63,82,43,74,Finesse Shot
Bruno Fernandes,77,72,80,81,62,67,Long Passer
Gonçalo Ramos,79,85,74,71,45,69,Finesse Shot
Bernardo Silva,77,62,84,79,62,78,Playmaker
João Félix,86,78,74,79,43,77,Speed Dribbler
José Sá,30,19,65,27,11,63,GK Long Throw
Renato Veiga,63,43,72,61,81,78,Solid Player
Gonçalo Inácio,72,43,72,57,84,81,Solid Player
João Neves,77,74,81,78,68,67,Playmaker
Francisco Trincão,83,83,63,84,42,68,Speed Dribbler
Rafael Leão,81,75,70,79,36,79,Finesse Shot
Pedro Neto,75,76,64,73,33,63,Finesse Shot
Gonçalo Guedes,81,75,61,83,33,75,Finesse Shot
João Cancelo,74,44,63,55,78,79,Power Header
Rúben Neves,79,68,77,73,72,75,Long Passer
Rui Silva,46,13,58,21,20,73,GK Long Throw
Vitinha,65,63,85,77,60,74,Playmaker
Samú Costa,66,50,74,65,75,82,Power Header
Nuno Mendes,60,41,72,56,76,79,Power Header
Francisco Conceição,80,83,63,76,32,64,Finesse Shot
Mahmud Abunada,32,15,53,25,19,80,GK Long Throw
Pedro Miguel,70,41,75,60,82,75,Solid Player
Lucas Mendes,76,41,68,55,83,82,Solid Player
Issa Laye,79,42,65,61,76,76,Power Header
Jassem Gaber,61,32,69,55,84,75,Solid Player
Abdulaziz Hatem,66,67,85,76,69,80,Playmaker
Ahmed Alaaeldin,81,81,68,74,32,60,Finesse Shot
Edmilson Junior,86,82,73,81,32,76,Speed Dribbler
Mohammed Muntari,77,77,72,71,33,64,Finesse Shot
Hassan Al-Haydos,82,75,71,75,39,60,Finesse Shot
Akram Afif,83,80,73,74,40,68,Speed Dribbler
Karim Boudiaf,77,64,76,73,62,70,Long Passer
Ayoub Al-Oui,82,30,64,69,80,88,Power Header
Homam Ahmed,63,31,75,55,79,85,Power Header
Yusuf Abdurisag,78,84,61,80,42,78,Finesse Shot
Boualem Khoukhi,78,49,70,70,80,82,Power Header
Ahmed Al-Ganehi,73,68,84,80,72,74,Playmaker
Sultan Al-Brake,79,41,64,51,82,79,Solid Player
Almoez Ali,75,77,68,77,38,76,Finesse Shot
Ahmed Fathy,75,61,77,72,68,77,Long Passer
Salah Zakaria,38,15,54,28,16,73,GK Long Throw
Meshaal Barsham,36,12,63,21,16,64,GK Long Throw
Assim Madibo,71,74,80,75,62,67,Long Passer
Tahsin Jamshid,87,81,63,79,43,77,Speed Dribbler
Al-Hashmi Al-Hussain,66,39,75,67,79,77,Power Header
Mohamed Manai,80,82,71,76,31,65,Finesse Shot
Nawaf Al-Aqidi,38,14,61,26,13,79,GK Long Throw
Ali Majrashi,82,30,69,63,84,77,Solid Player
Ali Lajami,70,39,59,64,81,77,Solid Player
Abdulelah Al-Amri,84,37,65,56,80,79,Power Header
Hassan Al-Tambakti,78,37,60,70,85,88,Solid Player
Nasser Al-Dawsari,78,69,81,74,65,73,Playmaker
Musab Al-Juwayr,77,75,77,70,60,70,Long Passer
Ayman Yahya,87,85,62,83,34,69,Speed Dribbler
Firas Al-Buraikan,84,85,69,76,45,68,Speed Dribbler
Salem Al-Dawsari,76,80,70,81,33,61,Finesse Shot
Saleh Al-Shehri,77,78,70,84,38,71,Finesse Shot
Saud Abdulhamid,73,33,59,54,82,86,Solid Player
Nawaf Boushal,72,40,75,66,77,78,Power Header
Hassan Kadesh,71,32,62,70,84,80,Solid Player
Abdullah Al-Khaibari,68,67,77,74,72,66,Long Passer
Ziyad Al-Johani,76,70,77,79,68,70,Long Passer
Khalid Al-Ghannam,77,76,69,70,33,72,Finesse Shot
Alaa Al-Hejji,75,70,75,82,71,79,Long Passer
Abdullah Al-Hamdan,88,84,72,77,32,73,Speed Dribbler
Sultan Mandash,78,80,74,81,30,68,Finesse Shot
Mohammed Al-Owais,43,15,57,23,19,67,GK Long Throw
Ahmed Al-Kassar,40,19,60,22,10,76,GK Long Throw
Mohamed Kanno,68,69,85,72,63,79,Playmaker
Moteb Al-Harbi,67,43,63,63,80,85,Power Header
Jehad Thakri,80,32,65,64,77,78,Power Header
Mohammed Abu Al-Shamat,80,33,56,68,84,83,Solid Player
Angus Gunn,36,17,61,25,16,60,GK Long Throw
Aaron Hickey,71,38,59,70,78,83,Power Header
Andy Robertson,79,41,58,53,76,80,Power Header
Scott McTominay,68,65,84,70,66,74,Playmaker
Grant Hanley,85,34,69,52,85,82,Solid Player
Kieran Tierney,67,42,70,66,81,80,Solid Player
John McGinn,76,61,78,80,74,69,Long Passer
Tyler Fletcher,66,68,80,79,72,65,Long Passer
Lyndon Dykes,80,75,69,75,36,68,Finesse Shot
Ché Adams,79,76,61,73,34,80,Finesse Shot
Ryan Christie,79,70,76,78,72,73,Long Passer
Liam Kelly,42,10,62,20,15,71,GK Long Throw
Jack Hendry,73,40,64,69,79,75,Power Header
Ross Stewart,79,82,65,80,32,63,Finesse Shot
John Souttar,60,50,71,50,80,77,Power Header
Dominic Hyam,77,48,70,52,79,80,Power Header
Ben Gannon-Doak,82,76,70,74,36,61,Finesse Shot
George Hirst,76,76,69,80,35,71,Finesse Shot
Lewis Ferguson,79,66,76,74,73,67,Long Passer
Lawrence Shankland,80,78,68,79,32,74,Finesse Shot
Craig Gordon,45,18,65,29,14,72,GK Long Throw
Nathan Patterson,67,33,65,63,84,87,Solid Player
Kenny McLean,66,60,77,70,64,75,Long Passer
Anthony Ralston,85,40,73,70,82,88,Solid Player
Findlay Curtis,78,85,60,72,42,65,Finesse Shot
Scott McKenna,84,41,71,57,85,76,Solid Player
Yehvann Diouf,31,11,60,22,18,72,GK Long Throw
Mamadou Sarr,84,48,62,66,77,88,Power Header
Kalidou Koulibaly,61,36,61,61,83,86,Solid Player
Abdoulaye Seck,65,42,55,53,83,78,Solid Player
Idrissa Gueye,78,71,76,71,73,78,Long Passer
Pathé Ciss,71,66,83,82,68,67,Playmaker
Assane Diao,85,84,62,75,42,71,Speed Dribbler
Lamine Camara,71,74,76,76,75,68,Long Passer
Bamba Dieng,80,81,70,85,35,66,Finesse Shot
Sadio Mané,80,85,71,83,37,66,Finesse Shot
Nicolas Jackson,80,84,70,85,42,68,Finesse Shot
Cherif Ndiaye,78,77,60,84,42,63,Finesse Shot
Iliman Ndiaye,81,80,70,75,36,70,Finesse Shot
Ismail Jakobs,61,41,68,54,82,85,Solid Player
Krépin Diatta,70,31,72,52,83,82,Solid Player
Édouard Mendy,46,17,60,28,11,79,GK Long Throw
Pape Matar Sarr,76,69,77,75,69,74,Long Passer
Ismaïla Sarr,88,83,71,72,31,73,Speed Dribbler
Moussa Niakhaté,80,33,72,51,84,75,Solid Player
Ibrahim Mbaye,81,80,69,73,35,73,Finesse Shot
Habib Diarra,80,72,76,80,71,70,Long Passer
Bara Sapoko Ndiaye,71,75,79,79,69,70,Long Passer
Mory Diaw,44,19,53,23,18,74,GK Long Throw
Antoine Mendy,81,42,59,65,78,82,Power Header
El Hadji Malick Diouf,78,38,62,60,79,86,Power Header
Pape Gueye,68,66,82,72,74,80,Playmaker
Ronwen Williams,47,15,61,24,16,61,GK Long Throw
Thabang Matuludi,61,47,57,53,77,78,Power Header
Khulumani Ndamane,77,40,74,66,77,80,Power Header
Teboho Mokoena,78,72,85,77,73,77,Playmaker
Thalente Mbatha,67,73,83,76,71,66,Playmaker
Aubrey Modiba,84,37,67,70,81,85,Solid Player
Oswin Appollis,85,82,67,81,36,80,Speed Dribbler
Tshepang Moremi,75,80,62,77,41,74,Finesse Shot
Lyle Foster,82,83,62,78,44,80,Finesse Shot
Relebohile Mofokeng,79,75,60,80,34,69,Finesse Shot
Themba Zwane,70,75,81,72,72,67,Playmaker
Thapelo Maseko,87,80,75,70,42,72,Speed Dribbler
Sphephelo Sithole,67,68,81,82,60,65,Playmaker
Mbekezeli Mbokazi,85,40,66,61,81,88,Solid Player
Iqraam Rayners,82,75,60,71,44,70,Finesse Shot
Sipho Chaine,49,11,58,26,13,71,GK Long Throw
Evidence Makgopa,86,80,70,79,36,69,Speed Dribbler
Samukele Kabini,66,33,64,57,75,85,Power Header
Nkosinathi Sibisi,68,44,65,58,75,84,Power Header
Khuliso Mudau,70,30,64,59,77,85,Power Header
Ime Okon,75,47,56,55,77,85,Power Header
Ricardo Goss,48,11,60,22,11,71,GK Long Throw
Jayden Adams,75,62,82,77,70,77,Playmaker
Olwethu Makhanya,65,35,59,50,81,86,Solid Player
Kamogelo Sebelebele,81,82,73,72,43,75,Finesse Shot
Bradley Cross,60,40,66,59,84,88,Solid Player
Kim Seung-gyu,40,10,55,26,10,65,GK Long Throw
Lee Han-beom,78,38,74,63,76,80,Power Header
Lee Gi-hyuk,70,72,75,70,68,78,Long Passer
Kim Min-jae,63,50,74,51,77,76,Power Header
Kim Tae-hyeon,74,42,60,62,79,81,Power Header
Hwang In-beom,68,61,77,74,72,80,Long Passer
Son Heung-min,85,79,63,76,42,75,Speed Dribbler
Paik Seung-ho,68,73,79,81,65,80,Long Passer
Cho Gue-sung,77,75,60,77,41,68,Finesse Shot
Lee Jae-sung,75,67,82,78,62,66,Playmaker
Hwang Hee-chan,75,63,76,79,65,78,Long Passer
Song Bum-keun,40,12,57,25,15,67,GK Long Throw
Lee Tae-seok,85,41,73,59,77,88,Power Header
Cho Wi-je,77,44,59,51,77,81,Power Header
Kim Moon-hwan,76,35,56,58,76,88,Power Header
Park Jin-seob,66,36,74,63,80,77,Power Header
Bae Jun-ho,72,73,81,80,64,71,Playmaker
Oh Hyeon-gyu,85,79,60,76,36,79,Speed Dribbler
Lee Kang-in,71,74,78,75,67,73,Long Passer
Yang Hyun-jun,75,73,84,71,71,67,Playmaker
Jo Hyeon-woo,39,17,56,26,11,68,GK Long Throw
Seol Young-woo,71,37,66,63,76,81,Power Header
Jens Castrop,85,46,72,65,82,80,Solid Player
Kim Jin-gyu,79,64,77,75,64,77,Long Passer
Eom Ji-sung,70,71,79,79,73,76,Long Passer
Lee Dong-gyeong,79,70,80,76,60,79,Long Passer
David Raya,44,17,55,26,13,69,GK Long Throw
Marc Pubill,74,33,61,63,83,88,Solid Player
Álex Grimaldo,77,45,55,56,84,88,Solid Player
Eric García,76,36,58,57,79,81,Power Header
Marcos Llorente,72,32,58,55,79,86,Power Header
Mikel Merino,79,64,75,70,73,79,Long Passer
Ferran Torres,86,81,70,81,37,75,Speed Dribbler
Fabián Ruiz,74,69,75,79,73,75,Long Passer
Gavi,71,65,75,82,75,69,Long Passer
Dani Olmo,76,82,65,82,32,62,Finesse Shot
Yéremy Pino,82,77,64,73,38,61,Finesse Shot
Pedro Porro,78,39,75,52,83,80,Solid Player
Joan Garcia,42,17,57,21,17,79,GK Long Throw
Aymeric Laporte,63,42,65,50,78,81,Power Header
Álex Baena,80,63,75,82,70,80,Long Passer
Rodri,70,63,84,82,68,68,Playmaker
Nico Williams,88,76,65,75,45,80,Speed Dribbler
Martín Zubimendi,72,63,80,71,65,78,Long Passer
Lamine Yamal,87,76,73,70,40,73,Speed Dribbler
Pedri,66,71,82,82,75,69,Playmaker
Mikel Oyarzabal,81,81,68,75,45,60,Finesse Shot
Pau Cubarsí,78,33,72,55,76,82,Power Header
Unai Simón,31,13,60,23,18,60,GK Long Throw
Marc Cucurella,66,46,67,52,82,81,Solid Player
Víctor Muñoz,82,83,69,83,31,61,Finesse Shot
Borja Iglesias,82,84,69,84,32,65,Finesse Shot
Jacob Widell Zetterström,49,17,58,30,13,69,GK Long Throw
Gustaf Lagerbielke,75,35,58,65,77,80,Power Header
Victor Lindelöf,82,41,57,52,76,79,Power Header
Isak Hien,61,30,71,63,75,82,Power Header
Gabriel Gudmundsson,65,39,60,64,78,76,Power Header
Herman Johansson,84,42,56,70,80,83,Power Header
Lucas Bergvall,72,73,76,74,75,66,Long Passer
Daniel Svensson,81,35,61,60,83,78,Solid Player
Alexander Isak,88,76,72,84,35,71,Speed Dribbler
Benjamin Nygren,76,61,85,72,68,74,Playmaker
Anthony Elanga,83,82,73,82,36,71,Speed Dribbler
Viktor Johansson,50,20,59,28,11,78,GK Long Throw
Ken Sema,70,62,84,72,63,77,Playmaker
Hjalmar Ekdal,82,39,56,56,76,83,Power Header
Carl Starfelt,73,34,66,60,82,82,Solid Player
Jesper Karlström,69,74,85,78,63,80,Playmaker
Viktor Gyökeres,79,85,65,75,41,76,Finesse Shot
Yasin Ayari,78,65,84,72,68,68,Playmaker
Mattias Svanberg,67,69,83,70,64,80,Playmaker
Eric Smith,78,45,71,51,82,77,Solid Player
Alexander Bernhardsson,76,33,73,55,79,86,Power Header
Besfort Zeneli,79,62,76,78,74,73,Long Passer
Kristoffer Nordfeldt,48,20,54,22,20,65,GK Long Throw
Elliot Stroud,84,45,69,65,79,81,Power Header
Gustaf Nilsson,78,77,62,79,31,64,Finesse Shot
Taha Ali,88,80,62,73,36,62,Speed Dribbler
Gregor Kobel,43,18,50,22,20,65,GK Long Throw
Miro Muheim,62,43,66,67,75,83,Power Header
Silvan Widmer,80,47,72,51,81,83,Solid Player
Nico Elvedi,80,49,55,65,85,87,Solid Player
Manuel Akanji,62,32,66,51,85,80,Solid Player
Denis Zakaria,79,73,84,79,65,77,Playmaker
Breel Embolo,82,83,67,77,33,79,Finesse Shot
Remo Freuler,71,61,78,77,66,67,Long Passer
Johan Manzambi,77,62,83,81,62,67,Playmaker
Granit Xhaka,78,66,85,73,64,68,Playmaker
Dan Ndoye,85,79,68,85,32,70,Speed Dribbler
Yvon Mvogo,39,19,53,22,19,63,GK Long Throw
Ricardo Rodriguez,75,40,69,56,76,82,Power Header
Ardon Jashari,70,71,77,79,75,75,Long Passer
Djibril Sow,68,71,83,77,63,71,Playmaker
Christian Fassnacht,87,78,63,71,43,63,Speed Dribbler
Rubén Vargas,75,84,75,75,38,73,Finesse Shot
Eray Cömert,84,36,63,68,80,76,Power Header
Noah Okafor,75,79,73,72,38,74,Finesse Shot
Michel Aebischer,79,60,81,72,68,72,Playmaker
Marvin Keller,32,12,61,23,20,71,GK Long Throw
Fabian Rieder,79,64,79,79,70,67,Long Passer
Zeki Amdouni,84,83,62,80,39,76,Speed Dribbler
Aurèle Amenda,68,43,74,62,75,77,Power Header
Luca Jaquez,62,39,56,50,75,87,Power Header
Cedric Itten,88,77,68,70,39,69,Speed Dribbler
Mouhib Chamakh,47,20,58,30,11,73,GK Long Throw
Ali Abdi,69,41,65,64,82,82,Solid Player
Montassar Talbi,81,50,71,67,77,87,Power Header
Omar Rekik,62,36,61,64,79,83,Power Header
Adem Arous,79,47,70,70,82,86,Solid Player
Dylan Bronn,60,48,55,69,81,84,Solid Player
Elias Achouri,87,82,71,70,42,62,Speed Dribbler
Elias Saad,78,76,66,82,38,67,Finesse Shot
Hazem Mastouri,79,81,60,79,40,80,Finesse Shot
Hannibal Mejbri,72,65,78,78,63,76,Long Passer
Ismaël Gharbi,78,64,81,76,61,66,Playmaker
Mortadha Ben Ouanes,72,38,68,59,82,88,Solid Player
Rani Khedira,67,69,77,72,70,75,Long Passer
Khalil Ayari,73,63,77,79,63,70,Long Passer
Hadj Mahmoud,65,64,75,72,61,66,Long Passer
Aymen Dahmen,36,13,63,23,15,70,GK Long Throw
Ellyes Skhiri,77,65,78,73,70,78,Long Passer
Rayan Elloumi,78,79,66,80,42,77,Finesse Shot
Firas Chaouat,78,76,71,70,36,80,Finesse Shot
Yan Valery,64,37,75,51,81,77,Solid Player
Mohamed Amine Ben Hamida,79,32,72,60,75,80,Power Header
Sabri Ben Hessen,32,18,58,20,11,60,GK Long Throw
Moutaz Neffati,81,41,61,55,76,77,Power Header
Raed Chikhaoui,76,50,61,55,75,75,Power Header
Anis Ben Slimane,77,65,85,75,73,76,Playmaker
Sebastian Tounekti,78,73,82,76,64,65,Playmaker
Mert Günok,39,19,51,22,12,67,GK Long Throw
Zeki Çelik,64,33,55,60,82,88,Solid Player
Merih Demiral,66,38,60,56,77,78,Power Header
Çağlar Söyüncü,63,40,65,64,83,77,Solid Player
Salih Özcan,71,61,76,82,71,69,Long Passer
Orkun Kökçü,74,72,77,78,74,68,Long Passer
Kerem Aktürkoğlu,75,82,69,76,38,66,Finesse Shot
Arda Güler,82,75,65,82,31,65,Finesse Shot
Deniz Gül,87,77,74,79,32,65,Speed Dribbler
Hakan Çalhanoğlu,79,68,84,72,65,78,Playmaker
Kenan Yıldız,75,76,73,83,45,73,Finesse Shot
Altay Bayındır,38,13,55,25,15,69,GK Long Throw
Eren Elmalı,78,31,61,63,77,76,Power Header
Abdülkerim Bardakcı,65,32,59,66,85,83,Solid Player
Ozan Kabak,64,43,63,59,83,77,Solid Player
İsmail Yüksek,68,71,75,73,71,75,Long Passer
İrfan Can Kahveci,81,80,72,72,38,65,Finesse Shot
Mert Müldür,61,36,58,57,75,84,Power Header
Yunus Akgün,79,85,67,78,41,63,Finesse Shot
Ferdi Kadıoğlu,81,42,60,69,80,86,Power Header
Barış Alper Yılmaz,87,80,70,73,45,71,Speed Dribbler
Kaan Ayhan,71,73,78,81,64,74,Long Passer
Uğurcan Çakır,48,13,62,23,11,77,GK Long Throw
Oğuz Aydın,84,83,69,73,35,60,Speed Dribbler
Samet Akaydin,63,39,69,59,82,76,Solid Player
Can Uzun,88,77,72,83,45,71,Speed Dribbler
Matt Turner,46,13,56,21,19,75,GK Long Throw
Sergiño Dest,82,47,64,63,85,75,Solid Player
Chris Richards,75,50,65,63,84,78,Solid Player
Tyler Adams,79,72,77,73,69,72,Long Passer
Antonee Robinson,60,47,63,64,82,75,Solid Player
Auston Trusty,85,40,56,53,78,82,Power Header
Giovanni Reyna,74,65,85,74,63,68,Playmaker
Weston McKennie,73,60,85,73,68,78,Playmaker
Ricardo Pepi,87,76,62,80,36,77,Speed Dribbler
Christian Pulisic,88,76,60,80,40,79,Speed Dribbler
Brenden Aaronson,81,77,70,83,31,63,Finesse Shot
Miles Robinson,74,31,66,54,79,80,Power Header
Tim Ream,77,38,67,59,77,78,Power Header
Sebastian Berhalter,71,73,82,78,66,79,Playmaker
Cristian Roldan,78,71,75,72,71,67,Long Passer
Alex Freeman,72,45,61,65,78,76,Power Header
Malik Tillman,66,72,83,73,73,77,Playmaker
Max Arfsten,65,37,74,68,82,82,Solid Player
Haji Wright,78,83,73,83,37,71,Finesse Shot
Folarin Balogun,77,83,75,74,40,63,Finesse Shot
Timothy Weah,88,83,62,81,37,62,Speed Dribbler
Mark McKenzie,74,49,72,65,85,87,Solid Player
Joe Scally,66,45,64,65,77,77,Power Header
Matt Freese,49,19,55,20,11,74,GK Long Throw
Chris Brady,32,19,59,26,19,76,GK Long Throw
Alejandro Zendejas,88,84,61,85,31,74,Speed Dribbler
Sergio Rochet,39,20,63,28,11,67,GK Long Throw
José Giménez,72,38,64,70,84,85,Solid Player
Sebastián Cáceres,76,42,74,62,84,85,Solid Player
Ronald Araújo,85,40,57,53,85,75,Solid Player
Manuel Ugarte,77,70,78,82,69,74,Long Passer
Rodrigo Bentancur,66,62,85,76,60,69,Playmaker
Nicolás de la Cruz,65,73,82,77,68,66,Playmaker
Federico Valverde,77,72,75,71,69,68,Long Passer
Darwin Núñez,78,77,70,75,33,67,Finesse Shot
Giorgian de Arrascaeta,73,74,77,80,70,69,Long Passer
Facundo Pellistri,76,76,62,84,44,70,Finesse Shot
Santiago Mele,49,10,53,21,10,67,GK Long Throw
Guillermo Varela,73,38,71,52,81,79,Solid Player
Agustín Canobbio,71,74,80,75,73,77,Long Passer
Mathías Olivera,63,42,58,56,76,81,Power Header
Matías Viña,84,41,56,57,83,78,Solid Player
Brian Rodríguez,88,79,72,72,36,74,Speed Dribbler
Rodrigo Aguirre,88,75,71,76,36,72,Speed Dribbler
Maximiliano Araújo,69,66,78,78,69,74,Long Passer
Federico Viñas,88,85,66,71,37,70,Speed Dribbler
Joaquín Piquerez,77,69,78,73,74,69,Long Passer
Fernando Muslera,30,20,65,27,14,70,GK Long Throw
Santiago Bueno,72,48,74,51,83,82,Solid Player
Juan Manuel Sanabria,67,60,76,72,61,71,Long Passer
Rodrigo Zalazar,76,71,78,74,75,65,Long Passer
Utkir Yusupov,44,19,57,23,12,61,GK Long Throw
Abdukodir Khusanov,65,49,75,69,83,88,Solid Player
Khojiakbar Alijonov,72,39,61,57,79,76,Power Header
Farrukh Sayfiev,73,46,68,67,75,85,Power Header
Rustam Ashurmatov,62,43,74,63,82,83,Solid Player
Akmal Mozgovoy,76,63,75,80,63,66,Long Passer
Otabek Shukurov,75,66,78,77,70,73,Long Passer
Jamshid Iskanderov,76,70,77,72,70,67,Long Passer
Odiljon Hamrobekov,76,66,82,70,71,72,Playmaker
Jaloliddin Masharipov,80,61,85,71,72,67,Playmaker
Oston Urunov,79,66,81,75,65,68,Playmaker
Abduvohid Nematov,30,18,51,25,11,66,GK Long Throw
Sherzod Nasrullaev,83,30,63,57,78,85,Power Header
Eldor Shomurodov,79,79,61,85,38,72,Finesse Shot
Umar Eshmurodov,82,44,57,58,76,81,Power Header
Botirali Ergashev,43,15,56,22,11,77,GK Long Throw
Dostonbek Khamdamov,75,66,81,73,69,80,Playmaker
Abdulla Abdullaev,81,48,74,60,84,84,Solid Player
Azizjon Ganiev,79,73,83,77,75,68,Playmaker
Azizbek Amonov,86,81,61,77,34,73,Speed Dribbler
Igor Sergeev,76,79,72,83,32,73,Finesse Shot
Abbosbek Fayzullaev,73,65,85,76,69,79,Playmaker
Sherzod Esanov,73,60,85,79,60,72,Playmaker
Bekhruz Karimov,77,47,62,55,76,88,Power Header
Avazbek Ulmasaliev,60,33,66,54,78,83,Power Header
Jakhongir Urozov,83,37,59,61,76,76,Power Header
